year,region,department,typology,avgTotalPower,sumTotalPower
2020,GRAND EST,MOSELLE,Agricole territorial,5.344,5.344
2021,PROVENCE ALPES COTE D AZUR,VAR,Boues de stations d'épuration (STEP),8.413540000000001,8.413540000000001
2018,AUVERGNE RHONE ALPES,HAUTE SAVOIE,Agricole territorial,5.501,5.501
2021,NORMANDIE,SEINE MARITIME,Agricole territorial,17.145467,17.145467
2020,GRAND EST,BAS RHIN,Agricole territorial,12.84,12.84
2021,AUVERGNE RHONE ALPES,LOIRE,Agricole territorial,6.4919165,12.983833
2016,BOURGOGNE FRANCHE COMTE,TERRITOIRE DE BELFORT,Agricole autonome,6.994,6.994
2019,NORMANDIE,SEINE MARITIME,Agricole territorial,6.21,6.21
2019,CENTRE VAL DE LOIRE,CHER,Agricole territorial,17.388,17.388
2018,PAYS DE LA LOIRE,VENDEE,Agricole territorial,6.112,12.224
2020,OCCITANIE,GERS,Installation de stockage des déchets non dangereux (ISDND),5.585,5.585
2021,OCCITANIE,TARN,Boues de stations d'épuration (STEP),2.4730839999999996,2.4730839999999996
2019,PAYS DE LA LOIRE,MAINE ET LOIRE,Boues de stations d'épuration (STEP),15.515,15.515
2021,HAUTS DE FRANCE,PAS DE CALAIS,Industriel territorial,6.682062,6.682062
2018,CENTRE VAL DE LOIRE,LOIRET,Installation de stockage des déchets non dangereux (ISDND),0.285,0.285
2019,BRETAGNE,FINISTERE,Agricole territorial,18.295,18.295
2021,CENTRE VAL DE LOIRE,LOIRET,Agricole territorial,13.531165999999999,13.531165999999999
2020,NORMANDIE,SEINE MARITIME,Agricole territorial,14.031,14.031
2021,CENTRE VAL DE LOIRE,LOIRET,Agricole autonome,9.878134666666666,29.634404
2018,CENTRE VAL DE LOIRE,CHER,Installation de stockage des déchets non dangereux (ISDND),1.334,1.334
2015,HAUTS DE FRANCE,PAS DE CALAIS,Déchets ménagers et biodéchets,0.888,0.888
2016,GRAND EST,AUBE,Agricole territorial,12.1765,24.353
2020,OCCITANIE,TARN,Boues de stations d'épuration (STEP),2.133,2.133
2020,GRAND EST,ARDENNES,Agricole autonome,9.169,9.169
2019,HAUTS DE FRANCE,PAS DE CALAIS,Déchets ménagers et biodéchets,11.115,11.115
2018,BOURGOGNE FRANCHE COMTE,TERRITOIRE DE BELFORT,Agricole autonome,13.347,13.347
2018,GRAND EST,AUBE,Agricole autonome,13.36,13.36
2020,GRAND EST,VOSGES,Agricole territorial,13.044,13.044
2021,AUVERGNE RHONE ALPES,LOIRE,Agricole autonome,0.8268049999999999,0.8268049999999999
2021,HAUTS DE FRANCE,OISE,Installation de stockage des déchets non dangereux (ISDND),14.368774,14.368774
2021,NOUVELLE AQUITAINE,GIRONDE,Boues de stations d'épuration (STEP),4.833059,4.833059
2020,PAYS DE LA LOIRE,VENDEE,Agricole territorial,17.482000000000003,69.92800000000001
2018,CENTRE VAL DE LOIRE,LOIRET,Agricole autonome,13.016,13.016
2017,GRAND EST,AUBE,Agricole autonome,2.888,2.888
2021,GRAND EST,VOSGES,Industriel territorial,1.81828,1.81828
2016,HAUTS DE FRANCE,PAS DE CALAIS,Agricole autonome,10.414,10.414
2021,NOUVELLE AQUITAINE,VIENNE,Agricole territorial,13.406965,13.406965
2021,NORMANDIE,CALVADOS,Agricole autonome,28.397125,28.397125
2020,CENTRE VAL DE LOIRE,INDRE,Agricole autonome,15.523499999999999,31.046999999999997
2019,PAYS DE LA LOIRE,LOIRE ATLANTIQUE,Agricole territorial,4.111,4.111
2021,GRAND EST,MARNE,Agricole autonome,14.029073333333335,42.08722
2019,HAUTS DE FRANCE,OISE,Installation de stockage des déchets non dangereux (ISDND),13.578,13.578
2018,HAUTS DE FRANCE,AISNE,Agricole territorial,14.088,14.088
2019,AUVERGNE RHONE ALPES,ISERE,Agricole territorial,2.461,2.461
2020,CENTRE VAL DE LOIRE,INDRE ET LOIRE,Agricole territorial,1.749,1.749
2019,HAUTS DE FRANCE,SOMME,Agricole territorial,18.647,18.647
2021,HAUTS DE FRANCE,OISE,Agricole territorial,18.3916114,91.958057
2020,AUVERGNE RHONE ALPES,ALLIER,Agricole autonome,1.44,1.44
2015,BOURGOGNE FRANCHE COMTE,TERRITOIRE DE BELFORT,Agricole autonome,2.055,2.055
2017,HAUTS DE FRANCE,NORD,Agricole autonome,7.854,7.854
2020,BOURGOGNE FRANCHE COMTE,HAUTE SAONE,Agricole territorial,3.016,3.016
2019,CENTRE VAL DE LOIRE,INDRE ET LOIRE,Boues de stations d'épuration (STEP),10.026,10.026
2019,AUVERGNE RHONE ALPES,LOIRE,Agricole territorial,7.518,7.518
2018,OCCITANIE,GERS,Installation de stockage des déchets non dangereux (ISDND),3.908,3.908
2020,BOURGOGNE FRANCHE COMTE,TERRITOIRE DE BELFORT,Agricole autonome,16.201,16.201
2020,NORMANDIE,ORNE,Installation de stockage des déchets non dangereux (ISDND),12.757,12.757
2017,AUVERGNE RHONE ALPES,ALLIER,Agricole autonome,0.074,0.074
2017,AUVERGNE RHONE ALPES,HAUTE SAVOIE,Agricole autonome,1.999,1.999
2020,NOUVELLE AQUITAINE,LANDES,Agricole territorial,56.394,56.394
2021,CENTRE VAL DE LOIRE,CHER,Agricole autonome,9.4121944,47.06097200000001
2021,ILE DE FRANCE,ESSONNE,Agricole autonome,14.247575999999999,14.247575999999999
2015,ILE DE FRANCE,SEINE ET MARNE,Agricole autonome,12.374666666666664,37.123999999999995
2020,BRETAGNE,ILLE ET VILAINE,Agricole autonome,4.998333333333332,44.98499999999999
2016,PAYS DE LA LOIRE,VENDEE,Agricole territorial,7.778,7.778
2019,AUVERGNE RHONE ALPES,HAUTE SAVOIE,Boues de stations d'épuration (STEP),7.1114999999999995,14.222999999999999
2021,GRAND EST,HAUT RHIN,Agricole territorial,0.579196,0.579196
2017,BRETAGNE,MORBIHAN,Agricole territorial,5.885,5.885
2021,PROVENCE ALPES COTE D AZUR,VAUCLUSE,Industriel territorial,11.537632,11.537632
2019,PAYS DE LA LOIRE,LOIRE ATLANTIQUE,Agricole autonome,0.29,0.29
2019,GRAND EST,MARNE,Agricole autonome,18.619,18.619
2015,AUVERGNE RHONE ALPES,ALLIER,Agricole autonome,0.481,0.481
2021,AUVERGNE RHONE ALPES,LOIRE,Boues de stations d'épuration (STEP),9.19767,9.19767
2021,BOURGOGNE FRANCHE COMTE,SAONE ET LOIRE,Agricole territorial,15.843504000000001,15.843504000000001
2019,ILE DE FRANCE,ESSONNE,Installation de stockage des déchets non dangereux (ISDND),5.525,5.525
2015,HAUTS DE FRANCE,NORD,Agricole autonome,5.038,5.038
2021,NORMANDIE,ORNE,Installation de stockage des déchets non dangereux (ISDND),16.496525000000002,16.496525000000002
2020,HAUTS DE FRANCE,NORD,Déchets ménagers et biodéchets,3.122,3.122
2021,GRAND EST,HAUTE MARNE,Agricole autonome,8.52799825,34.111993
2020,OCCITANIE,PYRENEES ORIENTALES,Boues de stations d'épuration (STEP),3.805,3.805
2018,BRETAGNE,MORBIHAN,Installation de stockage des déchets non dangereux (ISDND),2.161,2.161
2019,HAUTS DE FRANCE,PAS DE CALAIS,Agricole autonome,9.012333333333332,27.037
2019,GRAND EST,MOSELLE,Boues de stations d'épuration (STEP),0.05,0.05
2019,GRAND EST,BAS RHIN,Agricole territorial,12.105,12.105
2013,HAUTS DE FRANCE,NORD,Déchets ménagers et biodéchets,0.425,0.425
2017,CENTRE VAL DE LOIRE,LOIRET,Agricole autonome,14.219,14.219
2019,BRETAGNE,MORBIHAN,Agricole territorial,9.827,9.827
2021,BOURGOGNE FRANCHE COMTE,YONNE,Installation de stockage des déchets non dangereux (ISDND),15.700721,15.700721
2020,BRETAGNE,COTES D ARMOR,Agricole autonome,1.998,1.998
2020,GRAND EST,MOSELLE,Boues de stations d'épuration (STEP),1.222,1.222
2019,ILE DE FRANCE,YVELINES,Agricole territorial,0.195,0.195
2016,AUVERGNE RHONE ALPES,ALLIER,Agricole autonome,0.955,0.955
2021,PAYS DE LA LOIRE,VENDEE,Agricole autonome,9.0922435,36.368974
2020,ILE DE FRANCE,YVELINES,Agricole territorial,0.628,0.628
2019,PROVENCE ALPES COTE D AZUR,VAR,Boues de stations d'épuration (STEP),5.694,5.694
2017,AUVERGNE RHONE ALPES,HAUTE SAVOIE,Agricole territorial,3.432,3.432
2018,AUVERGNE RHONE ALPES,HAUTE SAVOIE,Agricole autonome,5.85,5.85
2019,PROVENCE ALPES COTE D AZUR,BOUCHES DU RHONE,Boues de stations d'épuration (STEP),19.454,19.454
2021,AUVERGNE RHONE ALPES,AIN,Agricole autonome,5.8712610000000005,29.356305000000003
2020,CENTRE VAL DE LOIRE,LOIR ET CHER,Agricole territorial,1.027,1.027
2019,CENTRE VAL DE LOIRE,CHER,Agricole autonome,7.204,7.204
2016,GRAND EST,MOSELLE,Déchets ménagers et biodéchets,3.247,3.247
2018,BRETAGNE,FINISTERE,Agricole territorial,19.332,19.332
2021,OCCITANIE,HAUTE GARONNE,Installation de stockage des déchets non dangereux (ISDND),18.201044000000003,18.201044000000003
2020,GRAND EST,MOSELLE,Agricole autonome,8.188,8.188
2020,GRAND EST,MARNE,Agricole autonome,12.245999999999999,24.491999999999997
2021,PAYS DE LA LOIRE,SARTHE,Boues de stations d'épuration (STEP),7.690441,7.690441
2019,NOUVELLE AQUITAINE,DEUX SEVRES,Agricole territorial,0.703,0.703
2020,GRAND EST,BAS RHIN,Agricole autonome,2.0203333333333333,6.061
2017,HAUTS DE FRANCE,OISE,Agricole territorial,5.056,5.056
2018,ILE DE FRANCE,SEINE ET MARNE,Agricole autonome,13.519,108.152
2021,AUVERGNE RHONE ALPES,HAUTE SAVOIE,Boues de stations d'épuration (STEP),8.415737,16.831474
2021,AUVERGNE RHONE ALPES,ISERE,Agricole territorial,15.348834,15.348834
2020,GRAND EST,MEURTHE ET MOSELLE,Agricole autonome,3.361,3.361
2021,BRETAGNE,FINISTERE,Agricole territorial,10.901145,21.80229
2019,GRAND EST,VOSGES,Agricole territorial,11.861,11.861
2021,GRAND EST,MEURTHE ET MOSELLE,Agricole territorial,14.983792999999999,29.967585999999997
2017,CENTRE VAL DE LOIRE,INDRE ET LOIRE,Boues de stations d'épuration (STEP),9.648,9.648
2016,HAUTS DE FRANCE,NORD,Déchets ménagers et biodéchets,6.52,6.52
2020,NOUVELLE AQUITAINE,VIENNE,Agricole autonome,8.342,8.342
2021,BOURGOGNE FRANCHE COMTE,HAUTE SAONE,Agricole territorial,14.094663,14.094663
2021,BOURGOGNE FRANCHE COMTE,DOUBS,Boues de stations d'épuration (STEP),6.607784,6.607784
2021,OCCITANIE,HAUTES PYRENEES,Agricole autonome,5.256267000000001,10.512534000000002
2021,NORMANDIE,ORNE,Agricole autonome,14.0034946,70.017473
2018,NOUVELLE AQUITAINE,GIRONDE,Agricole autonome,5.039,10.078
2020,AUVERGNE RHONE ALPES,AIN,Agricole autonome,3.856,3.856
2021,GRAND EST,MEURTHE ET MOSELLE,Agricole autonome,7.897182333333333,47.383094
2021,OCCITANIE,TARN,Agricole autonome,11.693239,23.386478
2019,BRETAGNE,FINISTERE,Agricole autonome,5.786,11.572
2020,BRETAGNE,MORBIHAN,Industriel territorial,19.962,19.962
2021,HAUTS DE FRANCE,PAS DE CALAIS,Agricole autonome,14.040195624999999,112.32156499999999
2021,GRAND EST,MEUSE,Agricole autonome,10.834910666666667,32.504732000000004
2017,BRETAGNE,FINISTERE,Agricole territorial,13.035,13.035
2016,HAUTS DE FRANCE,SOMME,Agricole territorial,0.356,0.356
2020,ILE DE FRANCE,YVELINES,Boues de stations d'épuration (STEP),5.693,11.386
2021,AUVERGNE RHONE ALPES,ARDECHE,Boues de stations d'épuration (STEP),0.097145,0.097145
2018,BRETAGNE,FINISTERE,Agricole autonome,2.264,2.264
2017,BRETAGNE,ILLE ET VILAINE,Agricole autonome,6.87,6.87
2021,NORMANDIE,CALVADOS,Agricole territorial,22.436511,22.436511
2021,NOUVELLE AQUITAINE,PYRENEES ATLANTIQUES,Agricole autonome,2.949433,11.797732
2015,PAYS DE LA LOIRE,VENDEE,Agricole territorial,5.955,5.955
2020,NORMANDIE,CALVADOS,Agricole autonome,12.069,12.069
2017,HAUTS DE FRANCE,PAS DE CALAIS,Agricole autonome,10.925,10.925
2014,GRAND EST,MOSELLE,Déchets ménagers et biodéchets,2.946,2.946
2015,HAUTS DE FRANCE,NORD,Déchets ménagers et biodéchets,5.957,5.957
2020,HAUTS DE FRANCE,PAS DE CALAIS,Déchets ménagers et biodéchets,11.32,11.32
2020,BRETAGNE,MORBIHAN,Installation de stockage des déchets non dangereux (ISDND),12.092,24.184
2020,NORMANDIE,ORNE,Agricole autonome,8.17325,32.693
2019,GRAND EST,MOSELLE,Agricole territorial,5.505,5.505
2017,GRAND EST,MOSELLE,Déchets ménagers et biodéchets,3.178,3.178
2018,GRAND EST,AUBE,Agricole territorial,16.307000000000002,32.614000000000004
2018,HAUTS DE FRANCE,AISNE,Agricole autonome,4.903,4.903
2021,BRETAGNE,MORBIHAN,Installation de stockage des déchets non dangereux (ISDND),13.00253,26.00506
2020,AUVERGNE RHONE ALPES,ISERE,Boues de stations d'épuration (STEP),11.1255,22.251
2016,HAUTS DE FRANCE,NORD,Agricole autonome,6.726,6.726
2021,NORMANDIE,SEINE MARITIME,Agricole autonome,9.128627999999999,18.257255999999998
2020,AUVERGNE RHONE ALPES,ISERE,Agricole autonome,0.684,0.684
2018,HAUTS DE FRANCE,OISE,Installation de stockage des déchets non dangereux (ISDND),11.718,11.718
2021,BOURGOGNE FRANCHE COMTE,TERRITOIRE DE BELFORT,Agricole autonome,15.362318,15.362318
2021,ILE DE FRANCE,ESSONNE,Installation de stockage des déchets non dangereux (ISDND),5.353955,5.353955
2017,AUVERGNE RHONE ALPES,HAUTE SAVOIE,Boues de stations d'épuration (STEP),13.389,13.389
2020,ILE DE FRANCE,SEINE ET MARNE,Agricole autonome,15.460454545454546,170.065
2020,GRAND EST,VOSGES,Industriel territorial,0.0,0.0
2021,AUVERGNE RHONE ALPES,ISERE,Boues de stations d'épuration (STEP),11.0228215,22.045643
2019,BOURGOGNE FRANCHE COMTE,TERRITOIRE DE BELFORT,Agricole autonome,15.545,15.545
2016,AUVERGNE RHONE ALPES,ISERE,Boues de stations d'épuration (STEP),7.144,7.144
2019,OCCITANIE,TARN,Agricole autonome,9.545,9.545
2019,BRETAGNE,MORBIHAN,Agricole autonome,0.996,0.996
2021,BOURGOGNE FRANCHE COMTE,JURA,Industriel territorial,12.449076999999999,12.449076999999999
2021,HAUTS DE FRANCE,OISE,Agricole autonome,12.038537875,96.308303
2020,NORMANDIE,MANCHE,Agricole autonome,4.389,4.389
2021,CENTRE VAL DE LOIRE,LOIR ET CHER,Agricole autonome,9.854961,9.854961
2021,ILE DE FRANCE,SEINE ET MARNE,Agricole territorial,5.272372000000001,5.272372000000001
2018,PAYS DE LA LOIRE,VENDEE,Agricole autonome,6.388,6.388
2014,ILE DE FRANCE,SEINE ET MARNE,Agricole autonome,6.678666666666667,20.036
2020,BRETAGNE,FINISTERE,Agricole autonome,4.368,17.472
2019,BRETAGNE,MORBIHAN,Installation de stockage des déchets non dangereux (ISDND),6.76,13.52
2019,ILE DE FRANCE,SEINE ET MARNE,Agricole autonome,14.785777777777778,133.072
2016,GRAND EST,MOSELLE,Agricole territorial,2.117,2.117
2021,GRAND EST,HAUT RHIN,Agricole autonome,3.074832,3.074832
2021,BRETAGNE,MORBIHAN,Agricole territorial,11.460456,11.460456
2015,HAUTS DE FRANCE,PAS DE CALAIS,Agricole autonome,3.578,3.578
2021,CENTRE VAL DE LOIRE,INDRE ET LOIRE,Boues de stations d'épuration (STEP),8.438013999999999,8.438013999999999
2021,AUVERGNE RHONE ALPES,DROME,Agricole territorial,5.573982,5.573982
2020,AUVERGNE RHONE ALPES,HAUTE SAVOIE,Boues de stations d'épuration (STEP),8.325000000000001,16.650000000000002
2019,AUVERGNE RHONE ALPES,HAUTE SAVOIE,Agricole autonome,5.96,5.96
2017,HAUTS DE FRANCE,OISE,Installation de stockage des déchets non dangereux (ISDND),5.3,5.3
2018,OCCITANIE,TARN,Agricole autonome,2.569,2.569
2019,PAYS DE LA LOIRE,VENDEE,Agricole autonome,7.289,7.289
2018,CENTRE VAL DE LOIRE,EURE ET LOIR,Agricole autonome,1.837,1.837
2020,PAYS DE LA LOIRE,MAINE ET LOIRE,Boues de stations d'épuration (STEP),14.016,14.016
2020,HAUTS DE FRANCE,AISNE,Agricole territorial,15.744,31.488
2021,HAUTS DE FRANCE,NORD,Déchets ménagers et biodéchets,17.783268,17.783268
2021,NOUVELLE AQUITAINE,VIENNE,Agricole autonome,12.895953500000001,25.791907000000002
2020,PAYS DE LA LOIRE,SARTHE,Agricole autonome,16.336,16.336
2021,AUVERGNE RHONE ALPES,AIN,Agricole territorial,3.5236840000000003,3.5236840000000003
2021,OCCITANIE,PYRENEES ORIENTALES,Industriel territorial,35.230494,35.230494
2020,CENTRE VAL DE LOIRE,LOIR ET CHER,Agricole autonome,10.37,10.37
2018,AUVERGNE RHONE ALPES,RHONE,Boues de stations d'épuration (STEP),0.145,0.145
2018,PAYS DE LA LOIRE,MAINE ET LOIRE,Agricole autonome,8.321,8.321
2021,GRAND EST,MOSELLE,Déchets ménagers et biodéchets,1.868935,1.868935
2020,HAUTS DE FRANCE,NORD,Agricole autonome,5.085500000000001,10.171000000000001
2021,NOUVELLE AQUITAINE,LOT ET GARONNE,Agricole territorial,0.20562200000000003,0.20562200000000003
2021,GRAND EST,BAS RHIN,Agricole territorial,13.938772,13.938772
2021,AUVERGNE RHONE ALPES,RHONE,Agricole autonome,3.8556709999999996,3.8556709999999996
2021,GRAND EST,AUBE,Agricole territorial,25.474222,50.948444
2021,GRAND EST,MOSELLE,Agricole autonome,37.4362555,74.872511
2020,BRETAGNE,ILLE ET VILAINE,Agricole territorial,0.845,1.69
2017,BOURGOGNE FRANCHE COMTE,YONNE,Installation de stockage des déchets non dangereux (ISDND),9.119,9.119
2021,AUVERGNE RHONE ALPES,DROME,Agricole autonome,7.8716795,15.743359
2021,PAYS DE LA LOIRE,VENDEE,Agricole territorial,18.7860042,93.930021
2018,AUVERGNE RHONE ALPES,ALLIER,Agricole autonome,1.32,1.32
2020,HAUTS DE FRANCE,OISE,Agricole territorial,20.262249999999998,81.04899999999999
2021,BRETAGNE,ILLE ET VILAINE,Agricole autonome,4.535424173913043,104.31475599999999
2020,GRAND EST,AUBE,Agricole autonome,10.78433333333333,32.352999999999994
2019,AUVERGNE RHONE ALPES,ALLIER,Agricole autonome,1.687,1.687
2021,OCCITANIE,ARIEGE,Agricole autonome,6.803134,6.803134
2021,NORMANDIE,EURE,Agricole autonome,6.5479705,13.095941
2021,NOUVELLE AQUITAINE,LANDES,Agricole territorial,66.042632,66.042632
2021,GRAND EST,VOSGES,Agricole territorial,13.28908,13.28908
2019,BRETAGNE,ILLE ET VILAINE,Agricole autonome,4.322,17.288
2021,HAUTS DE FRANCE,NORD,Installation de stockage des déchets non dangereux (ISDND),14.699536,14.699536
2021,AUVERGNE RHONE ALPES,ISERE,Agricole autonome,9.0519115,18.103823
2019,CENTRE VAL DE LOIRE,EURE ET LOIR,Agricole autonome,10.407,10.407
2018,AUVERGNE RHONE ALPES,ISERE,Boues de stations d'épuration (STEP),10.4875,20.975
2016,CENTRE VAL DE LOIRE,LOIRET,Agricole autonome,9.337,9.337
2021,NOUVELLE AQUITAINE,DEUX SEVRES,Agricole territorial,14.376837,43.130511
2016,CENTRE VAL DE LOIRE,INDRE ET LOIRE,Boues de stations d'épuration (STEP),0.403,0.403
2020,OCCITANIE,TARN,Agricole autonome,14.697,14.697
2018,GRAND EST,VOSGES,Agricole territorial,4.544,4.544
2018,HAUTS DE FRANCE,NORD,Déchets ménagers et biodéchets,3.082,3.082
2020,ILE DE FRANCE,ESSONNE,Agricole autonome,10.711,10.711
2020,CENTRE VAL DE LOIRE,CHER,Agricole territorial,17.035,17.035
2021,CENTRE VAL DE LOIRE,INDRE ET LOIRE,Agricole territorial,9.361546,9.361546
2020,CENTRE VAL DE LOIRE,LOIRET,Agricole autonome,8.844333333333333,26.533
2021,AUVERGNE RHONE ALPES,HAUTE SAVOIE,Agricole territorial,4.836919,4.836919
2020,ILE DE FRANCE,VAL D OISE,Boues de stations d'épuration (STEP),1.087,1.087
2019,AUVERGNE RHONE ALPES,ISERE,Boues de stations d'épuration (STEP),11.219,22.438
2017,HAUTS DE FRANCE,NORD,Déchets ménagers et biodéchets,7.917,7.917
2020,BOURGOGNE FRANCHE COMTE,YONNE,Agricole autonome,5.899,5.899
2020,HAUTS DE FRANCE,AISNE,Agricole autonome,7.270625,58.165
2019,GRAND EST,VOSGES,Industriel territorial,0.0,0.0
2018,HAUTS DE FRANCE,PAS DE CALAIS,Agricole autonome,16.049,16.049
2021,HAUTS DE FRANCE,AISNE,Agricole territorial,12.18184525,48.727381
2020,GRAND EST,MEURTHE ET MOSELLE,Agricole territorial,17.151,17.151
2017,HAUTS DE FRANCE,SOMME,Agricole territorial,17.901,17.901
2021,PAYS DE LA LOIRE,MAINE ET LOIRE,Agricole autonome,7.777112750000001,31.108451000000002
2020,CENTRE VAL DE LOIRE,EURE ET LOIR,Agricole autonome,13.085,13.085
2020,BOURGOGNE FRANCHE COMTE,SAONE ET LOIRE,Agricole territorial,15.941,15.941
2017,AUVERGNE RHONE ALPES,ISERE,Boues de stations d'épuration (STEP),8.298,16.596
2021,BRETAGNE,COTES D ARMOR,Industriel territorial,44.186023,44.186023
2018,GRAND EST,BAS RHIN,Agricole territorial,6.503,6.503
2017,HAUTS DE FRANCE,AISNE,Agricole territorial,14.083,14.083
2018,GRAND EST,MARNE,Agricole autonome,13.971,13.971
2018,ILE DE FRANCE,YVELINES,Agricole territorial,0.384,0.384
2019,OCCITANIE,PYRENEES ORIENTALES,Boues de stations d'épuration (STEP),5.064,5.064
2015,BRETAGNE,ILLE ET VILAINE,Agricole autonome,1.405,1.405
2017,GRAND EST,HAUTE MARNE,Agricole territorial,11.77,11.77
2020,HAUTS DE FRANCE,SOMME,Agricole territorial,19.242,19.242
2018,BRETAGNE,MORBIHAN,Agricole territorial,9.289,9.289
2017,HAUTS DE FRANCE,PAS DE CALAIS,Déchets ménagers et biodéchets,9.91,9.91
2021,CENTRE VAL DE LOIRE,EURE ET LOIR,Agricole autonome,12.412666,24.825332
2018,AUVERGNE RHONE ALPES,HAUTE SAVOIE,Boues de stations d'épuration (STEP),12.426,12.426
2019,OCCITANIE,GERS,Installation de stockage des déchets non dangereux (ISDND),4.884,4.884
2021,BRETAGNE,FINISTERE,Boues de stations d'épuration (STEP),5.232006999999999,5.232006999999999
2020,HAUTS DE FRANCE,PAS DE CALAIS,Industriel territorial,4.007,4.007
2018,CENTRE VAL DE LOIRE,CHER,Agricole territorial,5.897,5.897
2015,GRAND EST,AUBE,Agricole territorial,7.875,15.75
2019,GRAND EST,AUBE,Agricole territorial,19.906,39.812
2021,GRAND EST,MOSELLE,Boues de stations d'épuration (STEP),1.368421,1.368421
2021,BRETAGNE,FINISTERE,Agricole autonome,5.926735499999999,35.56041299999999
2020,PAYS DE LA LOIRE,LOIRE ATLANTIQUE,Agricole autonome,6.845000000000001,13.690000000000001
2018,ILE DE FRANCE,ESSONNE,Installation de stockage des déchets non dangereux (ISDND),1.124,1.124
2021,ILE DE FRANCE,YVELINES,Agricole territorial,1.09955,1.09955
2021,PROVENCE ALPES COTE D AZUR,ALPES MARITIMES,Boues de stations d'épuration (STEP),4.763821,4.763821
2020,PROVENCE ALPES COTE D AZUR,VAR,Boues de stations d'épuration (STEP),7.637,7.637
2019,PAYS DE LA LOIRE,VENDEE,Agricole territorial,9.97025,39.881
2019,CENTRE VAL DE LOIRE,INDRE,Agricole autonome,5.198,10.396
2017,GRAND EST,MOSELLE,Agricole territorial,5.074,5.074
2017,BOURGOGNE FRANCHE COMTE,TERRITOIRE DE BELFORT,Agricole autonome,7.48,7.48
2016,HAUTS DE FRANCE,PAS DE CALAIS,Déchets ménagers et biodéchets,4.848,4.848
2017,PAYS DE LA LOIRE,VENDEE,Agricole territorial,8.348,8.348
2021,HAUTS DE FRANCE,SOMME,Agricole territorial,18.231975,18.231975
2019,CENTRE VAL DE LOIRE,LOIRET,Installation de stockage des déchets non dangereux (ISDND),9.666,9.666
2019,HAUTS DE FRANCE,NORD,Déchets ménagers et biodéchets,0.835,0.835
2021,PAYS DE LA LOIRE,SARTHE,Agricole autonome,11.167698999999999,22.335397999999998
2021,PAYS DE LA LOIRE,LOIRE ATLANTIQUE,Agricole territorial,15.875957,15.875957
2020,PAYS DE LA LOIRE,VENDEE,Agricole autonome,2.79325,11.173
2019,GRAND EST,AUBE,Agricole autonome,10.7775,21.555
2019,PAYS DE LA LOIRE,SARTHE,Agricole autonome,0.597,0.597
2020,NOUVELLE AQUITAINE,GIRONDE,Agricole autonome,15.4985,30.997
2019,CENTRE VAL DE LOIRE,CHER,Installation de stockage des déchets non dangereux (ISDND),13.211,13.211
2021,CENTRE VAL DE LOIRE,CHER,Installation de stockage des déchets non dangereux (ISDND),17.462135999999997,17.462135999999997
2020,GRAND EST,HAUTE MARNE,Agricole autonome,2.1595,4.319
2021,PAYS DE LA LOIRE,LOIRE ATLANTIQUE,Boues de stations d'épuration (STEP),5.1650339999999995,5.1650339999999995
2021,GRAND EST,ARDENNES,Agricole autonome,11.272751333333332,33.818253999999996
2021,BOURGOGNE FRANCHE COMTE,YONNE,Agricole autonome,7.549022,7.549022
2021,BOURGOGNE FRANCHE COMTE,COTE D OR,Agricole autonome,6.5629610000000005,13.125922000000001
2019,CENTRE VAL DE LOIRE,LOIR ET CHER,Agricole autonome,6.339,6.339
2021,GRAND EST,MOSELLE,Agricole territorial,5.996398,5.996398
2021,HAUTS DE FRANCE,PAS DE CALAIS,Agricole territorial,9.088383333333333,27.26515
2020,HAUTS DE FRANCE,OISE,Installation de stockage des déchets non dangereux (ISDND),13.845,13.845
2020,OCCITANIE,HAUTE GARONNE,Boues de stations d'épuration (STEP),2.074,2.074
2021,NOUVELLE AQUITAINE,CHARENTE MARITIME,Agricole territorial,11.2669055,22.533811
2016,BRETAGNE,ILLE ET VILAINE,Agricole autonome,6.302,6.302
2018,GRAND EST,MOSELLE,Déchets ménagers et biodéchets,1.81,1.81
2021,GRAND EST,HAUTE MARNE,Agricole territorial,16.667158999999998,16.667158999999998
2019,AUVERGNE RHONE ALPES,HAUTE LOIRE,Agricole autonome,2.835,2.835
2014,PAYS DE LA LOIRE,VENDEE,Agricole territorial,3.174,3.174
2021,NOUVELLE AQUITAINE,DORDOGNE,Agricole territorial,0.666905,0.666905
2018,OCCITANIE,PYRENEES ORIENTALES,Boues de stations d'épuration (STEP),1.002,1.002
2021,ILE DE FRANCE,VAL D OISE,Boues de stations d'épuration (STEP),11.27249,11.27249
2021,HAUTS DE FRANCE,PAS DE CALAIS,Déchets ménagers et biodéchets,5.630151,11.260302
2019,AUVERGNE RHONE ALPES,HAUTE SAVOIE,Agricole territorial,5.463,5.463
2018,GRAND EST,MOSELLE,Agricole territorial,6.052,6.052
2019,GRAND EST,MOSELLE,Déchets ménagers et biodéchets,3.955,3.955
2018,HAUTS DE FRANCE,SOMME,Agricole territorial,20.303,20.303
2020,GRAND EST,MOSELLE,Déchets ménagers et biodéchets,2.641,2.641
2020,GRAND EST,HAUTE MARNE,Agricole territorial,14.767,14.767
2021,PAYS DE LA LOIRE,SARTHE,Agricole territorial,5.560047,5.560047
2021,OCCITANIE,HERAULT,Agricole autonome,1.288977,1.288977
2021,BRETAGNE,ILLE ET VILAINE,Agricole territorial,14.3494235,28.698847
2018,GRAND EST,MEUSE,Agricole autonome,5.868,5.868
2021,CENTRE VAL DE LOIRE,LOIRET,Installation de stockage des déchets non dangereux (ISDND),11.87716,11.87716
2019,GRAND EST,HAUTE MARNE,Agricole territorial,14.878,14.878
2019,CENTRE VAL DE LOIRE,LOIRET,Agricole autonome,11.232,22.464
2020,AUVERGNE RHONE ALPES,ISERE,Agricole territorial,13.872,13.872
2021,NOUVELLE AQUITAINE,HAUTE VIENNE,Agricole autonome,0.687844,0.687844
2019,BOURGOGNE FRANCHE COMTE,YONNE,Installation de stockage des déchets non dangereux (ISDND),8.986,8.986
2021,AUVERGNE RHONE ALPES,ALLIER,Agricole autonome,4.1062449999999995,8.212489999999999
2021,HAUTS DE FRANCE,SOMME,Agricole autonome,5.505571333333333,16.516714
2020,BRETAGNE,COTES D ARMOR,Industriel territorial,27.583,27.583
2019,BRETAGNE,FINISTERE,Boues de stations d'épuration (STEP),5.643,5.643
2016,ILE DE FRANCE,SEINE ET MARNE,Agricole autonome,11.008500000000002,44.034000000000006
2020,NOUVELLE AQUITAINE,CHARENTE MARITIME,Agricole territorial,12.009,12.009
2017,ILE DE FRANCE,SEINE ET MARNE,Agricole autonome,9.435999999999998,66.05199999999999
2018,GRAND EST,HAUTE MARNE,Agricole territorial,14.293,14.293
2020,OCCITANIE,HAUTE GARONNE,Installation de stockage des déchets non dangereux (ISDND),15.436,15.436
2020,AUVERGNE RHONE ALPES,HAUTE LOIRE,Agricole autonome,7.525,7.525
2018,HAUTS DE FRANCE,PAS DE CALAIS,Déchets ménagers et biodéchets,10.89,10.89
2020,HAUTS DE FRANCE,PAS DE CALAIS,Agricole territorial,2.507,2.507
2016,HAUTS DE FRANCE,AISNE,Agricole territorial,4.888,4.888
2021,PROVENCE ALPES COTE D AZUR,BOUCHES DU RHONE,Boues de stations d'épuration (STEP),27.095950000000002,27.095950000000002
2020,CENTRE VAL DE LOIRE,LOIRET,Installation de stockage des déchets non dangereux (ISDND),8.903,8.903
2018,BRETAGNE,ILLE ET VILAINE,Agricole autonome,3.8155,7.631
2019,AUVERGNE RHONE ALPES,LOIRE,Boues de stations d'épuration (STEP),0.729,0.729
2020,GRAND EST,HAUT RHIN,Boues de stations d'épuration (STEP),0.822,0.822
2021,BOURGOGNE FRANCHE COMTE,SAONE ET LOIRE,Agricole autonome,9.983663,9.983663
2020,CENTRE VAL DE LOIRE,CHER,Installation de stockage des déchets non dangereux (ISDND),15.814,15.814
2020,HAUTS DE FRANCE,PAS DE CALAIS,Agricole autonome,14.231,71.155
2018,CENTRE VAL DE LOIRE,INDRE ET LOIRE,Boues de stations d'épuration (STEP),9.879,9.879
2020,BRETAGNE,FINISTERE,Agricole territorial,16.477,16.477
2017,PAYS DE LA LOIRE,MAINE ET LOIRE,Boues de stations d'épuration (STEP),7.005,7.005
2021,NOUVELLE AQUITAINE,GIRONDE,Déchets ménagers et biodéchets,19.595401000000003,19.595401000000003
2016,GRAND EST,HAUTE MARNE,Agricole territorial,3.231,3.231
2021,BRETAGNE,MORBIHAN,Agricole autonome,3.641764,10.925291999999999
2019,NOUVELLE AQUITAINE,LANDES,Agricole territorial,14.37,14.37
2020,GRAND EST,MEUSE,Agricole autonome,6.767333333333333,20.302
2021,PAYS DE LA LOIRE,MAINE ET LOIRE,Boues de stations d'épuration (STEP),15.200369,15.200369
2020,CENTRE VAL DE LOIRE,CHER,Agricole autonome,12.702000000000002,25.404000000000003
2021,OCCITANIE,GERS,Installation de stockage des déchets non dangereux (ISDND),9.873665,9.873665
2019,OCCITANIE,TARN,Boues de stations d'épuration (STEP),1.554,1.554
2019,AUVERGNE RHONE ALPES,RHONE,Boues de stations d'épuration (STEP),4.707,4.707
2021,PAYS DE LA LOIRE,LOIRE ATLANTIQUE,Agricole autonome,9.59636,19.19272
2020,NORMANDIE,CALVADOS,Agricole territorial,3.918,3.918
2019,HAUTS DE FRANCE,AISNE,Agricole territorial,6.898,13.796
2020,AUVERGNE RHONE ALPES,DROME,Agricole autonome,1.336,1.336
2015,GRAND EST,MOSELLE,Déchets ménagers et biodéchets,2.833,2.833
2017,BRETAGNE,FINISTERE,Boues de stations d'épuration (STEP),1.505,1.505
2019,ILE DE FRANCE,YVELINES,Boues de stations d'épuration (STEP),0.317,0.634
2021,BRETAGNE,COTES D ARMOR,Agricole autonome,5.3772183333333325,16.131655
2021,ILE DE FRANCE,SEINE ET MARNE,Agricole autonome,14.167320399999998,212.50980599999997
2021,GRAND EST,AUBE,Agricole autonome,14.105984999999999,70.52992499999999
2021,CENTRE VAL DE LOIRE,LOIR ET CHER,Agricole territorial,14.026577,14.026577
2018,HAUTS DE FRANCE,NORD,Agricole autonome,7.41,7.41
2021,GRAND EST,VOSGES,Agricole autonome,4.279347,4.279347
2020,NOUVELLE AQUITAINE,DEUX SEVRES,Agricole territorial,5.377,16.131
2017,GRAND EST,AUBE,Agricole territorial,12.3595,24.719
2021,OCCITANIE,PYRENEES ORIENTALES,Boues de stations d'épuration (STEP),4.713662,4.713662
2018,HAUTS DE FRANCE,OISE,Agricole territorial,8.644666666666668,25.934
2019,NOUVELLE AQUITAINE,GIRONDE,Agricole autonome,12.249,24.498
2021,AUVERGNE RHONE ALPES,HAUTE LOIRE,Agricole autonome,7.448368,7.448368
2021,GRAND EST,BAS RHIN,Agricole autonome,14.655999333333334,43.967998
2020,BRETAGNE,MORBIHAN,Agricole autonome,3.5054999999999996,7.010999999999999
2020,ILE DE FRANCE,ESSONNE,Installation de stockage des déchets non dangereux (ISDND),4.186,4.186
2021,HAUTS DE FRANCE,AISNE,Agricole autonome,15.3671942,153.671942
2019,BRETAGNE,MORBIHAN,Industriel territorial,16.953,16.953
2018,BOURGOGNE FRANCHE COMTE,YONNE,Installation de stockage des déchets non dangereux (ISDND),10.863,10.863
2021,NOUVELLE AQUITAINE,GIRONDE,Agricole autonome,22.520372,45.040744
2020,AUVERGNE RHONE ALPES,RHONE,Boues de stations d'épuration (STEP),4.932,4.932
2019,HAUTS DE FRANCE,AISNE,Agricole autonome,8.219333333333333,24.658
2020,NOUVELLE AQUITAINE,CHARENTE,Agricole territorial,1.013,1.013
2021,NORMANDIE,MANCHE,Agricole autonome,6.726633,20.179899
2021,NORMANDIE,EURE,Agricole territorial,8.201934999999999,8.201934999999999
2020,BOURGOGNE FRANCHE COMTE,YONNE,Installation de stockage des déchets non dangereux (ISDND),13.201,13.201
2021,BRETAGNE,COTES D ARMOR,Agricole territorial,3.173105,3.173105
2019,PAYS DE LA LOIRE,MAINE ET LOIRE,Agricole autonome,13.596,13.596
2021,AUVERGNE RHONE ALPES,HAUTE SAVOIE,Agricole autonome,4.3348285,8.669657
2020,GRAND EST,AUBE,Agricole territorial,23.942500000000003,47.885000000000005
2020,BRETAGNE,MORBIHAN,Agricole territorial,11.069,11.069
2018,BRETAGNE,FINISTERE,Boues de stations d'épuration (STEP),5.359,5.359
2021,PAYS DE LA LOIRE,MAYENNE,Agricole territorial,6.244601499999999,12.489202999999998
2020,HAUTS DE FRANCE,NORD,Installation de stockage des déchets non dangereux (ISDND),4.467,4.467
2018,CENTRE VAL DE LOIRE,LOIR ET CHER,Agricole autonome,1.506,1.506
2020,PROVENCE ALPES COTE D AZUR,BOUCHES DU RHONE,Boues de stations d'épuration (STEP),21.295,21.295
2020,AUVERGNE RHONE ALPES,LOIRE,Boues de stations d'épuration (STEP),10.334,10.334
2020,BRETAGNE,FINISTERE,Boues de stations d'épuration (STEP),5.307,5.307
2018,PAYS DE LA LOIRE,MAINE ET LOIRE,Boues de stations d'épuration (STEP),15.259,15.259
2020,HAUTS DE FRANCE,OISE,Agricole autonome,3.3004999999999995,13.201999999999998
2018,GRAND EST,VOSGES,Industriel territorial,0.0,0.0
2013,GRAND EST,MOSELLE,Déchets ménagers et biodéchets,0.311,0.311
2020,PAYS DE LA LOIRE,LOIRE ATLANTIQUE,Agricole territorial,13.331,13.331
2019,HAUTS DE FRANCE,OISE,Agricole territorial,14.99525,59.981
2021,NOUVELLE AQUITAINE,CHARENTE,Agricole territorial,9.429116,9.429116
2020,OCCITANIE,PYRENEES ORIENTALES,Industriel territorial,4.439,4.439
2021,HAUTS DE FRANCE,NORD,Agricole autonome,6.4264073999999995,32.132037
2021,BRETAGNE,MORBIHAN,Industriel territorial,19.558763,19.558763
2021,NOUVELLE AQUITAINE,CORREZE,Agricole autonome,1.114009,1.114009
2020,AUVERGNE RHONE ALPES,LOIRE,Agricole territorial,11.265,11.265
2021,CENTRE VAL DE LOIRE,CHER,Agricole territorial,14.919471,14.919471
2021,GRAND EST,HAUT RHIN,Boues de stations d'épuration (STEP),12.538433000000001,12.538433000000001
2020,PROVENCE ALPES COTE D AZUR,VAUCLUSE,Industriel territorial,7.49,7.49
2020,NOUVELLE AQUITAINE,GIRONDE,Déchets ménagers et biodéchets,7.255,7.255
2020,AUVERGNE RHONE ALPES,HAUTE SAVOIE,Agricole autonome,7.123,7.123
2020,AUVERGNE RHONE ALPES,HAUTE SAVOIE,Agricole territorial,5.797,5.797
2021,CENTRE VAL DE LOIRE,INDRE,Agricole autonome,12.071742666666665,36.215227999999996
2014,HAUTS DE FRANCE,NORD,Déchets ménagers et biodéchets,5.833,5.833
2017,PAYS DE LA LOIRE,VENDEE,Agricole autonome,0.711,0.711
2021,AUVERGNE RHONE ALPES,RHONE,Boues de stations d'épuration (STEP),4.857913,4.857913
2021,OCCITANIE,HAUTE GARONNE,Boues de stations d'épuration (STEP),39.243930999999996,39.243930999999996
2019,GRAND EST,MEUSE,Agricole autonome,6.9544999999999995,13.908999999999999
2020,PAYS DE LA LOIRE,MAYENNE,Agricole territorial,8.854,8.854
2020,PAYS DE LA LOIRE,MAINE ET LOIRE,Agricole autonome,7.297499999999999,14.594999999999999
2019,BOURGOGNE FRANCHE COMTE,SAONE ET LOIRE,Agricole territorial,10.41,10.41
2021,ILE DE FRANCE,YVELINES,Boues de stations d'épuration (STEP),5.9583585,11.916717
2020,HAUTS DE FRANCE,NORD,Agricole territorial,2.58,5.16
2019,HAUTS DE FRANCE,NORD,Agricole autonome,7.719,7.719
2021,HAUTS DE FRANCE,NORD,Agricole territorial,10.285695,20.57139
2013,ILE DE FRANCE,SEINE ET MARNE,Agricole autonome,3.717,3.717
2020,CENTRE VAL DE LOIRE,INDRE ET LOIRE,Boues de stations d'épuration (STEP),9.09,9.09
